36:a8:a4:cd:40:dd,
36:a8:a4:cd:40:dd,
36:a8:a4:cd:40:dd,
fe:cc:75:b9:6e:9e,
fe:cc:75:b9:6e:9e,
36:a8:a4:cd:40:dd,
fe:cc:75:b9:6e:9e,
fe:cc:75:b9:6e:9e,
36:a8:a4:cd:40:dd,
fe:cc:75:b9:6e:9e,
fe:cc:75:b9:6e:9e,
fe:cc:75:b9:6e:9e,
36:a8:a4:cd:40:dd,
36:a8:a4:cd:40:dd,
36:a8:a4:cd:40:dd,
fe:cc:75:b9:6e:9e,
fe:cc:75:b9:6e:9e,
fe:cc:75:b9:6e:9e,
fe:cc:75:b9:6e:9e,
76:b5:86:df:02:a3,
fe:cc:75:b9:6e:9e,
36:a8:a4:cd:40:dd,
fe:cc:75:b9:6e:9e,
06:6b:d7:0f:d3:be,
fe:cc:75:b9:6e:9e,
76:b5:86:df:02:a3,
fe:cc:75:b9:6e:9e,
fe:cc:75:b9:6e:9e,
36:a8:a4:cd:40:dd,
fe:cc:75:b9:6e:9e,
fe:cc:75:b9:6e:9e,
36:a8:a4:cd:40:dd,
36:a8:a4:cd:40:dd,
36:a8:a4:cd:40:dd,
fe:cc:75:b9:6e:9e,
fe:cc:75:b9:6e:9e,
fe:cc:75:b9:6e:9e,
36:a8:a4:cd:40:dd,
36:a8:a4:cd:40:dd,
76:b5:86:df:02:a3,
36:a8:a4:cd:40:dd,
76:b5:86:df:02:a3,
06:6b:d7:0f:d3:be,
